{
  "best_params": {
    "max_depth": 4,
    "learning_rate": 0.05898602410432694,
    "n_estimators": 100,
    "min_child_weight": 10,
    "subsample": 0.6596834432905521,
    "colsample_bytree": 0.6227680575448478,
    "reg_alpha": 1.8977710745066665,
    "reg_lambda": 4.862528132298237,
    "scale_pos_weight": 1.7125960221746916
  },
  "best_roi": -0.01566439522998296,
  "n_trials": 4,
  "all_trials": [
    {
      "number": 0,
      "params": {
        "max_depth": 3,
        "learning_rate": 0.17254716573280354,
        "n_estimators": 350,
        "min_child_weight": 10,
        "subsample": 0.6546065241548528,
        "colsample_bytree": 0.6545980821176709,
        "reg_alpha": 0.11616722433639892,
        "reg_lambda": 4.46470458309974,
        "scale_pos_weight": 1.4016725176148133
      },
      "value": 0.020957264957264955,
      "roi": -0.020957264957264955
    },
    {
      "number": 1,
      "params": {
        "max_depth": 5,
        "learning_rate": 0.010636066512540286,
        "n_estimators": 400,
        "min_child_weight": 13,
        "subsample": 0.6743186887373966,
        "colsample_bytree": 0.6636387385224852,
        "reg_alpha": 0.36680901970686763,
        "reg_lambda": 2.216968971838151,
        "scale_pos_weight": 1.2871346474483567
      },
      "value": 0.04863095238095238,
      "roi": -0.04863095238095238
    },
    {
      "number": 2,
      "params": {
        "max_depth": 4,
        "learning_rate": 0.023927528765580634,
        "n_estimators": 300,
        "min_child_weight": 4,
        "subsample": 0.7022506269873263,
        "colsample_bytree": 0.7282266451527921,
        "reg_alpha": 0.9121399684340719,
        "reg_lambda": 4.140703845572054,
        "scale_pos_weight": 0.7995106732375397
      },
      "value": 0.021509433962264148,
      "roi": -0.021509433962264148
    },
    {
      "number": 3,
      "params": {
        "max_depth": 4,
        "learning_rate": 0.05898602410432694,
        "n_estimators": 100,
        "min_child_weight": 10,
        "subsample": 0.6596834432905521,
        "colsample_bytree": 0.6227680575448478,
        "reg_alpha": 1.8977710745066665,
        "reg_lambda": 4.862528132298237,
        "scale_pos_weight": 1.7125960221746916
      },
      "value": 0.01566439522998296,
      "roi": -0.01566439522998296
    }
  ]
}